hs_code,description
000000,"Barang"
010000,"Binatang hidup"
010100,"Kuda, keledai, bagal dan hinnie, hidup"
010200,"Binatang hidup jenis lembu"
010300,"Babi hidup"
010400,"Biri-biri dan kambing, hidup"
010500,"Unggas hidup, yaitu ayam dari spesies Gallus domesticus, bebek, angsa, kalkun dan ayam guinea"
010600,"Binatang hidup lainnya"
020000,"Daging dan sisa daging yang dapat dimakan"
020100,"Daging binatang jenis lembu, segar atau dingin"
020200,"Daging binatang jenis lembu, beku"
020300,"Daging babi, segar, dingin atau beku"
020400,"Daging bid-bid atau kamblng, segar, dingin atau beku"
020500,"Daging kuda, keledai, bagal atau hinnie, segar, dingin atau beku"
020600,"Sisa yang dapat dimakan dari binatang jenis lembu, babi, biri-biri, kambing, kuda, keledai, bagal atau hinnie, segar, dingin atau beku."
020700,"Daging dan sisanya yang dapat dimakan, dari unggas dari pos 01.05, segar, dingin atau beku"
020800,"Daging dan sisanya yang dapat dimakan dari binatang lainnya, segar, dingin atau beku"
020900,"Lemak babi tanpa daging dan lemak unggas, tidak dicairkan atau diekstraksi dengan cara lain, segar, dingin, beku, dlasinkan, dalam air garam, dikeringkan atau diasapi"
021000,"Daging dan sisanya yang dapat dimakan, diasinkan, dalam air garam, dikeringkan atau diasapiï¼› tepung dan tepung kasar dari daging dan sisanya yang dapat dimakan"
030000,"lkan dan krustasea, moluska serta invertebrata air lainnya "
030100,"Ikan hidup"
030200,"Ikan, segar atau dingin, tidak termasuk potongan ikan tanpa tulang dan daging ikan lainnya dari pos 03.04"
030300,"Ikan beku, tidak termasuk potongan ikan tanpa tulang dan daging ikan lainnya dari pos 03.04"
030400,"Fillet dan daging ikan lainnya (dicincang maupun tidak), segar, dlngln atau beku"
030500,"lkan, dikeringkan, diasinkan atau dalam air garamï¼› lkan diasapi, dimasak maupun tidak sebelum atau selama proses pengasapan"
030600,"Krustasea, bercangkang maupun tidak, hidup, segar, dingin, beku, dikeringkan, diasinkan atau dalam air garamï¼› krustasea diasapi, dimasak maupun tidak sebelum atau selama proses pengasapanï¼› krustasea, bercangkang, dikukus atau direbus, dingin, beku., dilr:eringkan, diasinkan atau dalam air garam maupun tidak"
030700,"Moluska, bercangkang maupun tidak, hidup, segar, dingin, beku, dikeringkan, diasinkan atau dalam air garamï¼› moluska diasapi, bercangkang maupun tidak, dimasak maupun tidak sebelum atau selama proses pengasapan"
030800,"Invertebrata air selain krustasea dan moluska, hidup, segar, dingin, beku, dikeringkan, diasinkan atau dalam air garamï¼› Invertebrata air selain krustasea dan moluska diasapi, dimasak maupun tidak sebelum atau selama proses pengasapan"
030900,"Tepung, tepung kasar dan pellet dari ikan atau krustasea, moluska atau invertebrata air lainnya, layak untuk dikonsumsi manusia"
040000,"Produk susuï¼› telur unggasï¼› madu alamï¼› produk hewani yang dapat dimakan, tidak dirinci atau termasuk dalam pos lain"
040100,"Susu dan kepala susu, tidak dipekatkan maupun tidak mengandung tambahan gula atau bahan pemanis lainnya"
040200,"Susu dan kepala susu, dipekatkan atau mengandung tambahan gula atau bahan pemanis lainnya"
040300,"Yoghurtï¼› susu mentega, susu dan kepala susu dikentalkan, kefir dan susu dan krim difermentasi atau diasamkan lainnya, dipekatkan atau mengandung tambahan gula atau bahan pemanis lainnya atau diberi rasa atau mengandung tambahan buah-buahan, kacang-kacangan atau kakao maupun tidak"
040400,"Whey, dipekatkan atau mengandung tambahan gula atau bahan pemanis lainnya maupun tidakï¼› produk terdiri dari susu alam sebagai unsur utama, mengandung tambahan gula, bahan pemanis lainnya maupun tidak, tidak dirinci atau termasuk dalam pos lainnya"
040500,"Mentega dan lemak serta minyak lainnya yang diperoleh dari susuï¼› dairy spreads"
040600,"Keju dan dadih susu"
040700,"Telur unggas bercangkang, segar, diawetkan atau dimasak"
040800,"Telur unggas, tanpa cangkang, dan kuning telur, segar, dikeringkan, dikukus atau direbus, dibentuk, beku atau diawetkan secara lain, mengandung tambahan gula atau bahan pemanis lainnya maupun tidak"
040900,"Madu alam"
041000,"Serangga dan produk lainnya yang dapat dimakan berasal dari hewan, tidak dirinci atau termasuk dalam pos lainnya"
050000,"Produk hewani, tidak dirinci atau termasuk dalam pos lain"
050100,"Rambut manusia, tidak dikerjakan, dicuci atau digosok maupun tidakï¼› sisa rambut manusia."
050200,"Bulu dan bulu kasar dari babi, babi ternak atau babi hutanï¼› bulu berang-berang dan bulu binatang lainnya yang dapat dibuat sikatï¼› sisa dari bulu atau bulu kasar semacam itu."
050400,"Usus, kandung kemih dan lambung binatang (selain ikan), utuh dan potongannya, segar, dingin, beku, diasinkan, dalam air garam, kering atau diasapi."
050500,"Kulit dan bagian lainnya dari unggas, masih berbulu atau berbulu halus, bulu unggas dan bagiannya (pinggirannya dipangkas maupun tidak) dan bulu halus, tidak dikerjakan lebih lanjut selain dibersihkan, disucihamakan atau dikerjakan untuk pengawetanï¼› bubuk dan sisa dari bulu atau bagiannya."
050600,"Tulang dan teras tanduk, tidak dikerjakan, dihilangkan lemaknya, dikerjakan secara sederhana (tetapi tidak dipotong menjadi berbentuk), dikerjakan dengan asam atau dihilangkan gelatinnyaï¼› bubuk dan sisa dari produk tersebut."
050700,"Gading, tempurung kura-kura, whalebone dan whalebone hair, tanduk, ranggah, kuku (binatang sejenis kuda atau sapi), kuku burung, cakar burung dan paruh burung, tidak dikerjakan atau dikerjakan secara sederhana tetapi tidak dipotong menjadi berbentukï¼› bubuk dan sisa dari produk tersebut."
050800,"Koral dan barang serupa itu, tidak dikerjakan atau dikerjakan secara sederhana tetapi tidak dikerjakan lebih lanjutï¼› cangkang moluska, krustasea atau echinodermata dan cuttle-bone, tidak dikerjakan atau dikerjakan secara sederhana tetapi tidak dipotong menjadi berbentuk, bubuk dan sisanya."
050900,"Ambar, kastor, jebat dan kesturiï¼› kantaridiï¼› empedu, kering maupun tidakï¼› kelenjar dan produk binatang lainnya yang digunakan dalam olahan produk farmasi, segar, dingin, beku atau diawetkan sementara secara lain"
051000,"Ambar, kastor, jebat dan kesturiï¼› kantaridiï¼› empedu, kering maupun tidakï¼› kelenjar dan produk binatang lainnya yang digunakan dalam olahan produk farmasi, segar, dingin, beku atau diawetkan sementara secara lain."
051100,"Produk hewani tidak dirinci atau termasuk dalam pos lainï¼› binatang mati dari Bab 1 atau 3, tidak layak untuk dikonsumsi manusia."
060000,"Pohon hidup dan tanaman lainnyaï¼› umbi, akar dan sejenisnyaï¼› bunga potong dan daun ornamen"
060100,"Umbi, bonggol, akar berbonggol, batang dibawah tanah, tajuk dan akar tongkat, dorman, sedang tumbuh atau berbungaï¼› tanaman dan akar chicory selain akar dari pos 12.12"
060200,"Tanaman hidup lainnya (termasuk akarnya), potongan dan cangkokanï¼› sulur jamur"
060300,"Bunga dan kuncup bunga potong dari jenis yang cocok untuk karangan bunga atau untuk keperluan pajangan, segar, dikeringkan, dicelup, dikelantang, diresapi, atau dikerjakan secara lain"
060400,"Daun, dahan dan bagian lainnya dari tanaman, tanpa bunga atau kuncup bunga, dan rumput, lumut mosse dan lumut lichen, dari jenis yang cocok untuk karangan bunga atau keperluan pajangan, segar, dikeringkan, dicelup, dikelantang, diresapi atau diolah secara lain"
070000,"Sayuran dan akar serta bonggol tertentu yang dapat dimakan"
070100,"Kentang, segar atau dingin"
070200,"Tomat, segar atau dingin"
070300,"Bawang bombay, bawang merah, bawang putih, bawang bakung/perai dan sayuran sejenis lainnya, segar atau dingin"
070400,"Kubis, bunga kol, kohlrabi, kale dan brassica sejenis yang dapat dimakan, segar atau dingin"
070500,"Selada {Lactuca sativa) dan chicory (Cichorium spp.), segar atau dingin"
070600,"Wortel, lobak cina, akar bit untuk salad, salsify, celeriac, lobak dan akar sejenis yang dapat dimakan, segar atau dingin"
070700,"Ketimun dan ketimun acar, segar atau dingin"
070800,"Sayuran polongan, dikupas atau tidak, segar atau dingin"
070900,"Sayuran lainnya, segar atau dingin"
071000,"Sayuran (tidak dimasak atau dimasak dengan dikukus atau direbus), beku"
071100,"Sayuran yang diawetkan sementara, tetapi tidak cocok untuk konsumsi langsung"
071200,"Sayuran dikeringkan, utuh, potongan, irisan, patahan atau dalam bentuk bubuk, tetapi tidak diolah lebih lanjut"
071300,"Sayuran polongan dikeringkan, dikupas, dikuliti atau dibelah maupun tidak"
071400,"Ubi kayu, arrowroot, salep, Jerusalem artichokes, ubi jalar serta akar-akaran dan bonggol-bonggolan semacam itu yang mengandung banyak pati atau inulin, segar, dingin, beku atau dikeringkan, dalam bentuk irisan maupun tidak atau dalam bentuk peletï¼› empulur sagu"
080000,"Buah dan buah bertempurung yang dapat dimakanï¼› kulit dari buah jeruk atau melon"
080100,"Kelapa, kacang Brasil dan kacang mede, segar atau dikeringkan,  dihilangkan tempurungnya atau dikupas maupun tidak"
080200,"Buah bertempurung lainnya, segar atau dikeringkan, dihilangkan tempurungnya atau dikupas maupun tidak"
080300,"Pisang, termasuk pisang yang tidak cocok dikonsumsi langsung sebagai buah, segar atau dikeringkan"
080400,"Korma, buah ara, nanas, alpokat, jambu, mangga, dan manggis, segar atau dikeringkan"
080500,"Buah jeruk, segar atau dikeringkan"
080600,"Anggur, segar atau dikeringkan"
080700,"Melon (termasuk semangka) dan papaw (pepaya), segar"
080800,"Apel, pir dan quince, segar"
080900,"Aprikot, ceri, persik (termasuk nektarln), plum dan sloe, segar"
081000,"Buah lainnya, segar"
081100,"Buah dan buah bertempurung, tidak dimasak atau dimasak dengan cara dikukus atau direbus, beku, mengandung tambahan gula atau bahan pemanis lainnya maupun tidak"
081200,"Buah dan buah bertempurung diawetkan sementara, tetapi tidak cocok untuk konsumsi langsung"
081300,"Buah, kering, selain yang disebut dalam pos 08.01 sampai dengan 08.06ï¼› campuran dari buah bertempurung atau buah kering dari Bab ini"
081400,"Kulit buah jeruk atau melon (termasuk semangka), segar, beku, dikeringkan atau diawetkan sementara dalam air garam, air belerang atau dalam larutan pengawet lainnya "
090000,"Kopi, teh, mate dan rempah-rempah"
090100,"Kopi, digongseng atau dihilangkan kafeinnya maupun tidakï¼› sekam dan kulit kopiï¼› pengganti kopi mengandung kopi dengan  perbandingan berapapun"
090200,"Teh, diberl rasa maupun tidak"
090300,"Mate"
090400,"Lada dari genus Piperï¼› buah dari genus Capsicum atau dari genus Pimenta yang dikeringkan atau dihancurkan atau ditumbuk"
090500,"Vanila"
090600,"Kayu manis dan bunga kayu manis"
090700,"Cengkeh (utuh, bunga dan tangkai)."
090800,"Biji pale, bunga pala dan kapulaga"
090900,"Biji adas manis, badian, adas pedas, ketumbar, jintan hitam atau jintanï¼› buah juniper"
091000,"Jahe, saffron, turmeric (curcuma), thyme, daun salam, kari dan rempah-rempah lainnya"
100000,"Serealia"
100100,"Gandum dan meslin"
100200,"Gandum hitam"
100300,"Barli"
100400,"Oat"
100500,"Jagung"
100600,"Beras"
100700,"Butiran sorghum"
100800,"Buckwheat, millet dan biji canaryï¼› serealia lainnya."
110000,"Produk industri penggilinganï¼› maltï¼› patiï¼› inulinï¼› gluten gandum"
110100,"Tepung gandum atau tepung meslin"
110200,"Tepung serelia selain gandum atau meslin"
110300,"Menir, tepung kasar dan pelet serelia"
110400,"Butir serealia dikerjakan secara lain (misalnya, dikuliti, digiling, dipipihkan, dikikis, diiris atau dipecah), kecuali beras dari pos 10.06ï¼› lembaga serealia, utuh, digiling, dipipihkan atau ditumbuk"
110500,"Tepung, tepung kasar, bubuk, serpih, butir dan pelet kentang"
110600,"Tepung, tepung kasar dan bubuk dari sayuran polongan dikeringkan dari pos 07.13, dari sagu atau dari akar atau bonggol dari pos 07.14 atau dari produk Bab 8."
110700,"Malt, digongseng maupun tidak"
110800,"Patiï¼› inulin"
110900,"Gluten gandum, dikeringkan maupun tidak"
120000,"Biji dan buah mengandung minyakï¼› bermacam macam butir, biji dan buahï¼› tanaman industri atau tanaman obatï¼› jerami dan makanan ternak"
120100,"Kacang kedelai, pecah maupun tidak"
120200,"Kacang tanah, tidak digongseng atau dimasak secara lain, dihilangkan tempurungnya atau pecah maupun tidak"
120300,"Kopra"
120400,"Biji rami, pecah maupun tidak"
120500,"Biji lobak atau colza, pecah maupun tidak"
120600,"Biji bunga matahari, pecah maupun tidak"
120700,"Biji dan buah lainnya yang mengandung minyak, pecah maupun tidak"
120800,"Tepung halus dan tepung kasar dari biji atau buah yang mengandung minyak, selain mustar"
120900,"Biji, &ult dan spora, dari jenis yang digunakan untuk disemai"
121000,"Kerucut buah hop, segar atau dikeringkan, ditumbuk, dijadikan bubuk atau dalam bentuk pelet maupun tidakï¼› lupulin"
121100,"Tanaman dan bagiannya (termasuk biji dan buah), yang terutama dipakai dalam pembuatan wewangian, dalam farmasi atau untuk insektisida, fungisida atau untuk tujuan yang semacam itu, segar, didinginkan, beku atau dikeringkan, baik dipotong, dihancurkan atau dijadikan bubuk maupun tidak"
121200,"Kacang karob, rumput laut dan ganggang lainnya, bit gula dan tebu, segar, dingin, beku atau dikeringkan, ditumbuk maupun tldakï¼› kulit keras buah dan kernel serta produk nabati lainnya (termasuk akar chicory yang tidak digongseng dari varietas Cichorium intybus sativum) dari jenis yang terutama digunakan untuk konsumsi manusia, tidak dirinci atau termasuk dalam pos lainnya"
121300,"Jerami dan sekam serealia, tidak diolah, balk dicacah, ditumbuk, ditekan atau dalam bentuk pelet maupun tidak"
121400,"Swedes (sejenis lobak), mangold (sejenis bit), akar makanan ternak, rumput kering, lucerne (alfalfa), semanggi, sainfoin, Kale makanan ternak, lupine, Vetch dan produk makanan ternak sejenis lainnya, dalam bentuk pelet maupun tidak"
130000,"Lakï¼› getah, damar dan sap serta ekstrak nabati lainnya"
130100,"Lakï¼› getah alam, damar, getah-damar dan oleoresins (misalnya, getah balsem)"
130200,"Sap dan ekstrak nabatiï¼› zat pektik, pektinat dan pektatï¼› Agar-agar dan lendir serta bahan pengental lainnya, dimodifikasi maupun tidak, berasal dari produk nabati"
140000,"Bahan anyaman nabatiï¼› produk nabati tidak dirinci atau termasuk dalam pos lain"
140100,"Bahan nabati dari jenis yang terutama dipakai untuk anyam-anyaman (misalnya, bambu, rotan, buluh, kumbuh, osier, rafia, jerami serealia dibersibkan, dikelantang atau dicelup, dan kulit pohon limau)"
140400,"Produk nabati tidak dirinci atau termasuk pos lainnya"
150000,"Lemak dan minyak hewani atau nabati serta produk disosiasinyaï¼› lemak olahan yang dapat dimakanï¼› malam hewani atau malam nabati"
150100,"Lemak babi (termasuk lard) dan lemak unggas, selain dari pos 02.09 atau 15.03"
150200,"Lemak dari binatang jenis lembu, biri-biri atau kambing, selain pos 15.03"
150300,"Lard stearin, minyak lard, oleostearin, minyak oleo dan minyak tallow, tidak diemulsi atau dicampur atau diolah dengan cara lain"
150400,"Lemak dan minyak serta fraksinya, dari ikan atau binatang laut menyusui, dimurnikan maupun tidak, tetapi tidak dimodifikasi secara kimia"
150500,"Wool grease dan zat lemak turunannya (termasuk lanolin)."
150600,"Lemak dan minyak binatang lainnya serta fraksinya, dimurnikan maupun tidak, tetapi tidak dimodifikasi secara kimia"
150700,"Minyak kacang kedelai dan fraksinya, dimurnikan maupun tidak, tetapi tidak dimodifikasi secara kimia"
150800,"Minyak kacang tanah dan fraksinya, dimurnikan maupun tidak, tetapi tidak dimodifikasi secara kimia"
150900,"Minyak zaitun dan fraksinya, dimurnikan maupun tidak, tetapi tidak dimodifikasi secara kimia"
151000,"Minyak lain dan fraksinya, diperoleh semata-mata dari zaitun, dimurnikan maupun tidak, tetapi tidak dimodifikasi secara kimia, termasuk campuran dari beberapa minyak atau fraksinya dengan minyak atau fraksi dari pos 15.09"
151100,"Minyak kelapa sawit dan fraksinya, dimurnikan maupun tidak, tetapi tidak dimodifikasi secara kimia"
151200,"Minyak biji bunga matahari, safflower atau biji kapas dan fraksinya, dimurnikan maupun tidak, tetapi tidak dimodifikasi secara kimia"
151300,"Minyak kelapa (kopra), kernel kelapa sawit atau babassu dan fraksinya, dimurnikan maupun tidak, tetapi tidak dimodifikaid secara kimia"
151400,"Minyak lobak, colza atau mustar dan fraksinya, dimurnikan maupun tidak, tetapi tidak dimodifikasi secara kimia"
151500,"Lemak dan minyak nabati atau mikroba tertentu lainnya (termasuk minyak jojoba) dan fraksinya, dimurnikan maupun tidak, tetapi tidak dimodifikasi secara kimia"
151600,"Lemak dan minyak hewani, nabati atau mikroba dan fraksinya, sebagian atau seluruhnya dihidrogenasi, diinter-esterifikasi,  re-esterifikasi atau dielaidinisasi, dimurnikan maupun tidak, tetapi tidak diolah lebih lanjut"
151700,"Margarinï¼› campuran atau olahan yang  dapat dimakan dari lemak atau minyak hewani, nabati atau mikroba atau dari fraksi lemak atau minyak yang berbeda dalam bab ini, selain lemak dan minyak yang dapat dimakan atau fraksinya dari pos 15.16"
151800,"Lemak dan minyak hewani, nabati atau mikroba serta fraksinya, dipanaskan, dioksidasi, didehidrasi, disulfurisasi, ditiup, dipolimerisasi dengan panas dalam hampa udara atau dalam gas inert atau dimodifikasi secara kimia lainnya, tidak termasuk dari pos 15.16ï¼› olahan atau campuran yang tidak dapat dimakan dari lemak atau minyak hewani, nabati atau mlkroba atau dari fraksi lemak atau minyak yang berbeda dalam Bab ini, tidak dirinci atau termasuk dalam pos lainnya"
152000,"Gliserol, mentahï¼› air gliserol dan larutan alkali gliserol"
152100,"Malam nabati (selain trigliserida), malam lebah, malam serangga lainnya dan spermaceti, dimurnikan atau diwarnai maupun tidak"
152200,"Degraï¼› residu yang diperoleh dari pengolahan zat berlemak atau malam hewani atau nabati"
160000,"Olahan dari daging, dari ikan, dari krustasea, moluska atau invertebrata air lainnya"
160100,"Sosis dan produk semacamnya, dari daging, sisa daging, darah atau seranggaï¼› olahan makanan berasal dari produk ini"
160200,"Daging, sisa daging, darah atau serangga lainnya yang diolah atau diawetkan"
160300,"Ekstrak dan jus dari daging, ikan atau krustasea, moluska atau invertebrata air lainnya"
160400,"Ikan diolah atau diawetkanï¼› kaviar dan pengganti kaviar yang diolah dari telur ikan"
160500,"Krustasea, moluska dan invertebrata air lainnya, diolah atau diawetkan"
170000,"Gula dan kembang gula"
170100,"Gula tebu atau gula bit dan sukrosa murni Jdmiawi, dalam bentuk padat"
170200,"Gula lainnya, termasuk laktosa, maltosa, glukosa dan fruktosa murni kimiawi, dalam bentuk padatï¼› sirop gula tidak mengandung tambahan bahan perasa atau pewarnaï¼› madu artifisial, dicampur dengan madu alam maupun tidakï¼› karamel"
170300,"Tetes hasil dari ekstraksi atau pemurnian gula"
170400,"Kembang gula (termasuk coklat putih), tidak mengandung kakao"
180000,"Kakao dan olahan kakao"
180100,"Biji kakao, utuh atau pecah, mentah atau digongseng"
180200,"Kulit, sekam, selaput dan sisa kakao lainnya"
180300,"Pasta kakao, dihilangkan lemaknya maupun tidak"
180400,"Mentega, lemak dan minyak kakao"
180500,"Bubuk kakao, tidak mengandung tambahan gula a.tau bahan pemanis lainnya"
180600,"Coklat dan olahan makanan lainnya mengandung kakao."
190000,"Olahan dari serealia, tepung, pati atau susuï¼› produk industri kue"
190100,"Ekstrak maltï¼› olahan makanan dari tepung, menir, tepung kasar, pati atau ekstrak malt, tidak mengandung kakao atau mengandung kakao kurang dari 40 % menurut beratnya yang dihitung atas dasar kakao yang dihilangkan seluruh lemaknya, tidak dirinci atau termasuk pos lainnyaï¼› olahan makanan dari pos 04.01 sampai dengan 04.04, tidak mengandung kakao atau mengandung kakao kurang dari 5 % menurut beratnya yang dihitung atas dasar kakao yang dihilangkan seluruh lemaknya, tidak dirinci atau termasuk pos lainnya"
190200,"Pasta, dimasak atau diisi maupun tidak (dengan daging atau bahan lainnya) atau diolah secara lain, seperti spagheti, makaroni, mie, lasagna, gnocchi, ravioli, cannelloniï¼› couscous, diolah maupun tidak"
190300,"Tapioka dan penggantinya diolah dari  pati, dalam bentuk serpih, butir, pearls, hasll ayakan atau bentuk semacam itu"
190400,"Makanan olahan diperoleh dengan cara menggembungkan atau menggongseng serealia atau produk serealia (misalnya, keripik jagung)ï¼› serealia (selain jagung), dalam bentuk butir atau serpih atau butir yang dikerjakan secara lain (kecuali tepung, menir dan tepung kasar), belum dimasak atau diolah secara lain, tidak dirinci atau termasuk pos lainnya"
190500,"Roti, kue kering, kue, biskuit dan produk roti lainnya, mengandung kakao maupun tidakï¼› wafer komuni, selongsong kosong dari jenis yang cocok untuk keperluan farmasi, sealing wafers, rice paper dan produk yang semacam itu."
200000,"Olahan dari sayufan, buah, biji/kacang atau bagian lain dari tanaman"
200100,"Sayuran, buah, kacang dan bagian tanaman lainnya yang dapat dimakan, diolah atau diawetkan dengan cuka atau asam asetat"
200200,"Tomat diolah atau diawetkan selain dengan cuka atau asam asetat"
200300,"Jamur dan cendawan tanah, diolah atau diawetkan selain dengan cuka atau asam asetat"
200400,"Sayuran lainnya yang diolah atau diawetkan selain dengan cuka atau asam asetat, beku, selain produk dari pos 20.06"
200500,"Sayuran lainnya yang diolah atau diawetkan selain dengan cuka atau asam asetat, tidak beku, selain produk dari pos 20.06."
200600,"Sayuran, buah, kacang, kulit buah dan bagian lain dari tanaman, diawetkan dengan gula (dikeringkan, dilapisi atau dikristalisasi)"
200700,"Selai, jell buah, marmelade, pure dan pasta dari buah atau kacang, diperoleh dari pemasakan, mengandung tambahan gula atau bahan pemanis lainnya maupun tidak"
200800,"Buah, kacang dan bagian tanaman lainnya yang dapat dimakan, diolah atau diawetkan secara lain, mengandung tambahan gula atau bahan pemanis lainnya atau alkohol maupun tidak, tidak dirinci atau termasuk pos lainnya"
200900,"Jus buah atau buah bertempurung (termasuk grape must dan air kelapa) dan jus sayuran, tidak difermentasi dan tidak mengandung tambahan alkohol, mengandung tambahan gula atau pemanis lainnya maupun tidak"
210000,"Bermacam-macam olahan yang dapat dimakan"
210100,"Ekstrak, esens dan konsentrat, dari kopi, teh atau mate dan olahan dengan dasar produk ini atau dengan dasar kopi, teh atau mateï¼› chicory digongseng dan pengganti kopi yang digongseng lainnya, dan ekstrak, esens dan konsentratnya"
210200,"Ragi (aktif atau tidak aktif)ï¼› mikro-organisme bersel tunggal lainnya, mati (tetapi tidak termasuk vaksin dari pos 30.02)ï¼› bubuk pengembang roti"
210300,"Saus dan olahannyaï¼› campuran bahan penyedap dan campuran bumbuï¼› tepung mustar dan tepung kasar mustar serta mustar olahan"
210400,"Sop dan kaldu serta olahannyaï¼› olahan makanan campuran homogen"
210500,"Es krim dan es lainnya yang dapat dimakan, mengandung kakao maupun tidak"
210600,"Olahan makanan yang tidak dirinci atau termasuk dalam pos lainnya"
220000,"Minuman, alkohol dan cuka"
220100,"Air, termasuk air mineral alam atau artiflsial dan air soda, tidak mengandung tambahan gula atau bahan pemanis lainnya maupun pemberi rasaï¼› es dan salju"
220200,"Air, termasuk air mineral dan air soda, mengandung tambahan gula atau bahan pemanis lainnya atau pemberi rasa, dan minuman yang tidak mengandung alkohol lainnya, tidak termasuk jus buah, buah bertempurung atau sayuran dari pos 20.09"
220300,"Bir terbuat dari malt"
220400,"Minuman fermentasi (wine) dari buah anggur segar, termasuk minuman fermentasi (wine) yang diperkuatï¼› grape must selain dari pos 20.09."
220500,"Vermouth dan minuman fermentasi lainnya dari buah anggur segar yang diberi rasa dengan zat nabati atau zat beraroma"
220600,"Minuman fermentasi lainnya (misalnya, fermentasi buah apel, buah pir, larutan madu dalam air, sake)ï¼› campuran minuman fermentasi dan campuran minuman fermentasi dengan minuman yang tidak mengandung alkohol, tidak dirinci atau termasuk dalam pos lainnya"
220700,"Etil alkohol yang tidak didenaturasi dengan kadar alkohol 80 % atau lebih menurut volumenyaï¼› etil alkohol dan alkohol lainnya, didenaturasi berapapun kadarnya"
220800,"Etil alkohol yang tidak didenaturasi dengan kadar alkohol kurang dari 80 % menurut volumenyaï¼› alkohol, sopi manis dan minuman beralkohol lainnya"
220900,"Cuka dan pengganti cuka diperoleh dari asam asetat"
230000,"Residu dan sisa dari industri makananï¼› olahan makanan hewan"
230100,"Tepung, tepung kasar dan pelet, dari daging atau sisanya, dari ikan atau krustasea, moluska atau invertebrata air lainnya, tidak layak untuk dikonkumsi manusiaï¼› greaves"
230200,"Sekam, dedak dan residu lainnya, berbentuk pelet maupun tidak, berasal dari pengayakan, penggilingan atau pengerjaan lainnya dari serealia atau dari tanaman polongan"
230300,"Residu dari pembuatan pati dan residu semacam itu, pulp bit, ampas tebu dan sisa lainnya dari pembuatan gula, endapan dan sisa pembuatan bir atau penyulingan, berbentuk pelet maupun tidak"
230400,"Bungkil dan residu padat lainnya, ditumbuk maupun tidak atau berbentuk pelet, basil dari ekstraksi minyak kacang kedelai"
230500,"Bungkil dan residu padat lainnya, ditumbuk maupun tidak atau berbentuk pelet, basil dari ekstraksi minyak kacang tanah"
230600,"Bungkil dan residu padat lainnya, ditumbuk maupun tidak atau berbentuk pelet, basil dari ekstraksi lemak atau minyak nabati atau mikroba selain dari pos 23.04 atau 23.05"
230700,"Endapan minuman fermentasiï¼› kerak minuman fermentasi"
230800,"Bahan nabati dan sisa nabati, residu nabati dan hasil sampingannya, dalam bentuk pelet maupun tidak, dari jenis yang digunakan untuk makanan hewan, tidak dirinci atau termasuk dalam pos lainnya"
230900,"Olahan dari jenis yang digunakan untuk makanan hewan"
240000,"Tembakau dan pengganti tembakau dipabrikasi"
240100,"Tembakau belum dipabrikasiï¼› sisa tembakau"
240200,"Cerutu, cheroot, cerutu kecil dan sigaret, dari tembakau atau pengganti tembakau"
240300,"Tembakau dipabrlkasi lainnya dan pengganti tembakau dipabrikasiï¼› tembakau ""dihomogenisasi"" atau ""dibentuk kembali""ï¼› ekstrak dan esens tembakau"
240400,"Produk yang mengandung tembakau, tembakau dibentuk kembali, nikotin, atau pengganti tembakau atau nikotin, dimaksudkan untuk inhalasi tanpa pembakaranï¼› produk mengandung nikotin lainnya yang dimaksudkan untuk memasukkan nikotin ke dalam tubuh manusia"
250000,"Garamï¼› belerangï¼› tanah dan batuï¼› bahan pemlester, kapur dan semen"
250100,"Garam (termasuk garam meja dan garam didenaturasi) dan natrium klorida murni, dalam larutan air atau mengandung tambahan bahan anti-caking atau free-flowing maupuntidakï¼› air laut"
250200,"Pirit besi tidak digongseng"
250300,"Belerang dari segala jenis, selain belerang sublimasi, belerang basil endapan dan belerang koloidal."
250400,"Grafit alam"
250500,"Pasir alam dari segala jenis, berwarna maupun tidak, selain pasir mengandung logam dari Bab 26"
250600,"Kuarsa (selain pasir alam)ï¼› kuarsit, dikerjakan secara kasar atau semata-mata dipotong maupun tidak, digergaji atau dengan cara lainnya menjadi balok atau lembaran tebal berbentuk empat persegi panjang (termasuk bujur sangkar)"
250700,"Kaolin dan tanah liat kaolin lainnya, dikalsinasi maupun tidak"
250800,"Tanah liat lainnya (tidak termasuk tanah liat muai dari pos 68.06), andalusite, kyanite dan sillimanite, dikalsinasi maupun tidakï¼› mulliteï¼› tanah chamotte atau tanah dinas"
250900,"Kapur"
251000,"Kalsium fosfat alam, aluminium kalsium fosfat alam dan kapur fosfat"
251100,"Barium sulfat alam (barit)ï¼› barium karbonat alam (witherite), dikalsinasi maupun tidak, selain barium oksida dari pos 28.16"
251200,"Tanah diatomea (misalnya, kieselguhr, tripolite dan diatomit) dan tanah semacam itu yang mengandung silika, dikalsinasi maupun tidak, dengan berat jenis sebesar 1 atau kurang"
251300,"Batu apungï¼› amrilï¼› korundum alam, garnet alam dan ampelas alam lainnya, diolah dengan cara dipanaskan maupun tidak"
251400,"Batu sabak, dikerjakan secara kasar atau semata-mata dipotong maupun tidak, digergaji atau dengan cara lain, menjadi balok atau lembaran tebal berbentuk empat persegi panjang (termasuk bujur sangkar)"
251500,"Marmer, travertine, ecaussine dan batu berkapur lainnya untuk  monumen atau bangunan dengan berat jenis sebesar 2,5 atau lebih, dan alabaster, dlkerjakan secara kasar atau semata-mata dipotong maupun tidak, digergaji atau dengan cara lain, menjadi balok atau lembaran tebal berbentuk empat persegi panjang (termasuk bujur sangkar)"
251600,"Granit, porphyry, basal, batu pasir dan batu lainnya untuk membuat monumen atau bangunan, dikerjakan secara kasar atau semata-mata dipotong maupun tidak, digergaji atau dengan cara lain, menjadi balok atau lembaran tebal berbentuk empat persegi panjang (termasuk bujur sangkar)"
251700,"Kerikil, gravel, batu pecah atau batu tumbuk, yang lazim digunakan untuk campuran beton, untuk mengeraskan jalan atau untuk rel kereta api atau pemberat lainnya, shingle dan flint, diolah dengan dipanaskan maupun tidakï¼› makadam dari terak, sampah atau sisa buangan industri semacam itu, bercampur dengan bahan tersebut dalam bagian pertama pos ini maupun tidakï¼› makadam terï¼› butir, keping dan bubuk, dari batuan dari pos 25.15 atau 25.16, diolah dengan dipanaskan maupun tidak"
251800,"Dolomit, dikalsinasi atau disinter maupun tidak, termasuk dolomit yang dikerjakan secara kasar atau semata-mata dipotong, digergaji atau dengan cara lain, menjadi balok atau lembaran tebal berbentuk empat persegi panjang (termasuk bujur sangkar)"
251900,"Magnesium karbonat alam (magnesit)ï¼› magnesia leburanï¼› magnesia sinter, mengandung sedikit oksida lainnya yang ditambahkan sebelum disinter maupun tidakï¼› magnesium oksida lainnya, murni maupun tidak"
252000,"Gipsï¼› anhidritï¼› plester (terdiri dari gips dikalsinasi atau kalsium sulfat) diwarnai maupun tidak, tanpa atau dengan sedlldt bahan akselerator atau retarder"
252100,"Fluks batu kapurï¼› batu kapur dan batu. mengandung kapur lainnya, dari jenis yang digunakan untuk pembuatan kapur atau semen"
252200,"Kapur tohor, kapur kembang dan kapur hidrolis, selain kalsium oksida dan hidroksida dari pos 28.25"
252300,"Semen portland, semen alumina, semen terak, semen super sulfat dan semen hidrolis semacam itu, berwarna maupun tidak atau dalam bentuk clinker"
252400,"Asbes"
252500,"Mika, termasuk belahannyaï¼› sisa mika"
252600,"Steatit alam, dikerjakan secara kasar atau semata-mata dipotong maupun tidak, digergaji atau dengan cara lain, menjadi balok atau lembaran tebal berbentuk empat persegi panjang (termasuk bujur sangkar)ï¼› talek"
252800,"Borat slam dan konsentrataya (dikalsinasi maupun tidak), tetapi tidak termasuk borat yang dipisahkan dari air garam alamï¼› asam borat alam mergandung H3BO3, tidak lebih dari 85 % dihitung dari berat kering"
252900,"Felsparï¼› leuciteï¼› nepheline dan nepheline syeniteï¼› fluorspar"
253000,"Bahan mineral yang tidak dirinci atau termasuk dalam pos lainnya"
260000,"Bijih logam, terak dan abu"
260100,"Bijih besi dan konsentratnya, termasuk pirit besi digongseng"
260200,"Bijih mangan dan konsentratnya, termasuk bljih mangan mengandung besi dan konsentratnya dengan kandungan mangan 20 % atau lebih, dihitung dari berat kering"
260300,"Bijih tembaga dan konsentratnya"
260400,"Bijih nikel dan konsentratnya."
260500,"Bijih kobalt dan konsentratnya"
260600,"Bijih aluminium dan konsentratnya"
260700,"Bijih timbal dan konsentratnya"
260800,"Bijih seng dan konsentratnya"
260900,"Bijih timah dan konsentratnya"
261000,"Bijih kromium dan konsentratnya"
261100,"Bijih tungsten dan konsentratnya"
261200,"Bijih uranium atau torium dan konsentratnya"
261300,"Bijih molibdenum dan konsentratnya"
261400,"Bijih titanium dan konsentratnya"
261500,"Bijih niobium, tantalum, vanadium atau zirkonium dan konsentratnya"
261600,"Bijih logam mulia dan konsentratnya"
261700,"Bijih lainnya dan konsentratnya"
261800,"Terak butiran (pasir terak) dari industri pembuatan besi atau baja"
261900,"Terak, sampah (selain terak butiran), kerak logam dan sisa lainnya dari pembuatan besi atau haja"
262000,"Terak, abu dan residu (selain dari pemhuatan besi atau baja) mengandung logam, arsenik atau senyawanya"
262100,"Terak logam dan abu lainnya, termasuk abu rumput laut (kelp)ï¼› abu dan residu dari pembakaran limbah rumah tangga"
270000,"Bahan bakar mineral, minyak mineral dan produk sulingannyaï¼› zat mengandung bitumenï¼› malam mineral"
270100,"Batu haraï¼› briket, ovoid dan bahan bakar padat semacam itu dibuat dari batu bara"
270200,"Lignit, diaglomerasi maupun tidak, tidak termasuk jet"
270300,"Gambut (termasuk serasah gambut), diaglomerasi maupun tidak."
270400,"Kokas dan semi-kokas dad batu bara dari lignit atau dari gambut, diaglomerasi maupun tidakï¼› retort karbon"
270500,"Gas batu hara, gas air, gas produser dan gas semacam itu, selain gas minyak bumi dan gas hidrokarbon lainnya"
270600,"Ter sulingan dari batu hara, dari lignit atau dari gambut, dan ter mineral lainnya, didehidrasi atau disuling sebagian maupun tidak, termasuk ter yang dibentuk kembali"
270700,"Minyak dan produk lainnya basil penyulingan ter batu bara bersuhu tinggiï¼› produk semacam itu yang berat unsur aromatiknya melebihi unsur non aromatik"
270800,"Pek dan pek kokas, diperoleh dari ter batu bara atau dari ter mineral lainnya"
270900,"Minyak petroleum dan minyak yang diperoleh dari mineral mengandung bitumen, mentah"
271000,"Minyak petroleum dan minyak yang diperoleh dari mineral mengandung bitumen, selain mentahï¼› preparat tidak dirinci atau termasuk dalam pos lainnya, mengandung minyak petroleum atau minyak yang diperoleh dari mineral mengandung bitumen 70 % atau lebih menurut beratnya, minyak ini merupakan unsur dasar dari preparat tersebutï¼› minyak sisa"
271100,"Gas petroleum dan gas hidrokarbon lainnya"
271200,"Jell petroleumï¼› malam parafin, malam petroleum mikrokristalin, slack wax, ozokerit, malam lignit, malam gambut, malam mineral lainnya, dan produk semacam itu yang diperoleh melalui sintesa atau proses lainnya, diwarnai maupun tidak"
271300,"Kokas petroleum, bitumen petroleum dan residu lainnya dari minyak petroleum atau dari minyak yang diperoleh dari mineral mengandung bitumen"
271400,"Bitumen dan aspal, alamï¼› shale mengandung bitumen atau minyak dan pasir terï¼› asphaltite dan batu karang mengandung aspal"
271500,"Campuran mengandung bitumen berasal dari aspal alam, dari bitumen alam, dari bitumen petroleum, dari ter mineral atau dari pek ter mineral (misalnya, mastik mengandung bitumen, cut-back)"
271600,"Batu haraï¼› briket, ovoid dan bahan bakar padat semacam itu dibuat dari batu bara"
280000,"Bahan kimia anorganikï¼› senyawa organik atau anorganik dari logam mulia, dari logam tanah jarang, dari unsur radioaktif atau dari isotop"
280100,"Fluorin, klorin, bromin dan iodin"
280200,"Belerang, basil sublimasi atau endapanï¼› belerang koloidal"
280300,"Karbon (carbon black dan bentuk lain dari karbon tidak dirinci atau termasuk dalam pos lainnya)"
280400,"Hidrogen, gas mulia dan non logam lainnya"
280500,"Logam alkali atau logam alkali tanahï¼› logam tanah jarang, skandium dan itrium, dicampur atau dipadu maupun tidakï¼› merkuri"